Date,Subways: Total Estimated Ridership,Subways: % of Comparable Pre-Pandemic Day,Buses: Total Estimated Ridership,Buses: % of Comparable Pre-Pandemic Day,LIRR: Total Estimated Ridership,LIRR: % of Comparable Pre-Pandemic Day,Metro-North: Total Estimated Ridership,Metro-North: % of Comparable Pre-Pandemic Day,Access-A-Ride: Total Scheduled Trips,Access-A-Ride: % of Comparable Pre-Pandemic Day,Bridges and Tunnels: Total Traffic,Bridges and Tunnels: % of Comparable Pre-Pandemic Day,Staten Island Railway: Total Estimated Ridership,Staten Island Railway: % of Comparable Pre-Pandemic Day
01/01/2023,1675507,80,475226,52,67722,82,66309,73,11476,85,737533,108,1771,65
01/02/2023,1938154,93,739507,81,76247,92,72403,80,10136,75,692984,102,2671,98
01/03/2023,3175777,62,1268913,62,179109,59,167136,62,24868,88,815532,94,6853,42
01/04/2023,3413052,66,1391449,68,182834,61,170847,63,26848,95,839120,97,7282,44
01/05/2023,3428520,67,1378698,67,175278,58,166642,62,26808,95,859218,99,7042,43
01/06/2023,3229858,63,1319595,64,161259,53,142524,53,25824,91,873654,101,6050,37
01/07/2023,2116138,78,806981,67,87215,90,85244,66,14828,102,808570,106,2297,56
01/08/2023,1610764,77,628612,68,68647,83,64893,72,15157,112,739656,108,1529,56
01/09/2023,3145743,61,1353638,66,173594,57,157335,58,24923,88,829372,95,6629,40
01/10/2023,3469177,67,1412543,69,196817,65,179530,67,27309,97,859974,99,7414,45
01/11/2023,3508962,68,1421914,69,188904,63,174349,65,27991,99,864282,99,7166,44
01/12/2023,3472709,68,1364715,67,188850,62,168701,63,27119,96,881579,101,7150,44
01/13/2023,3270020,64,1345748,66,167475,55,147885,55,26085,92,922864,106,6042,37
01/14/2023,2072387,77,785952,66,84718,87,83565,64,15407,106,817979,107,2059,50
01/15/2023,1705804,82,621041,68,72479,88,70493,78,15198,113,757778,111,1510,55
01/16/2023,2172218,104,884152,96,82416,100,75892,84,14617,108,812347,119,3140,115
01/17/2023,3451604,67,1399573,68,193345,64,183674,68,27214,96,870650,100,7492,46
01/18/2023,3603344,70,1449590,71,198264,66,182209,68,29223,103,877542,101,7488,46
01/19/2023,3492226,68,1327804,65,179752,59,170122,63,26737,95,862336,99,6925,42
01/20/2023,3375887,66,1383181,68,173943,58,150003,56,26548,94,915022,105,6192,38
01/21/2023,2137169,79,823236,69,88435,91,84763,65,15580,107,826850,108,2058,50
01/22/2023,1593386,76,611151,67,64883,78,61728,68,14721,109,744230,109,1479,54
01/23/2023,3135214,61,1281037,63,172927,57,155439,58,25087,89,809261,93,6210,38
01/24/2023,3566756,69,1410676,69,196319,65,182127,68,27701,98,863886,99,7335,45
01/25/2023,3511071,68,1342717,66,188247,62,171748,64,26738,95,815210,94,6937,42
01/26/2023,3629029,71,1408545,69,190219,63,173696,65,27061,96,890830,103,7093,43
01/27/2023,3335372,65,1341589,66,178881,59,149763,56,26826,95,920095,106,6051,37
01/28/2023,2248107,83,861680,72,98609,101,89845,69,15577,107,841863,110,2333,57
01/29/2023,1637398,78,647923,71,73109,88,65422,72,15371,114,764625,112,1694,62
01/30/2023,3223530,63,1371537,67,180476,60,159176,59,25676,91,850406,98,6624,40
01/31/2023,3654404,71,1365926,67,198755,66,183484,68,27308,97,852930,98,7593,46
02/01/2023,3682758,68,1460146,68,184043,61,169846,63,28492,97,868518,98,7588,47
02/02/2023,3699932,68,1478477,69,187799,62,169864,63,27917,95,894790,101,7457,46
02/03/2023,3189550,59,1246821,58,158579,52,135908,50,26238,89,887417,100,5819,36
02/04/2023,1742435,61,598818,47,69433,74,64032,49,13439,83,737000,89,1555,36
02/05/2023,1625375,74,650623,67,69379,89,62639,69,15413,91,758529,101,1522,54
02/06/2023,3372445,62,1431232,67,181320,60,157813,59,26639,91,849008,96,7068,44
02/07/2023,3738539,69,1491417,69,201438,67,183389,68,28688,97,867827,98,7736,48
02/08/2023,3780682,70,1513135,70,197370,65,180852,67,29653,101,884755,100,7647,47
02/09/2023,3754859,69,1462622,68,193326,64,172507,64,28515,97,909007,103,7403,46
02/10/2023,3539529,65,1422781,66,179637,59,154760,57,28094,95,947991,107,6477,40
02/11/2023,2333625,81,865782,68,94434,101,88281,67,16638,102,865505,104,1615,38
02/12/2023,1746099,80,659496,68,67457,86,63383,69,16305,97,749533,99,1227,44
02/13/2023,3303337,61,1381524,64,180002,59,159741,59,25900,88,854394,97,6188,38
02/14/2023,3812943,70,1480867,69,200327,66,179811,67,29001,99,897813,102,7557,47
02/15/2023,3762817,69,1499155,70,197344,65,181992,68,29119,99,904926,102,7491,46
02/16/2023,3683782,68,1461093,68,189802,63,172189,64,28364,96,915758,104,7318,45
02/17/2023,3253165,60,1315466,61,172113,57,150151,56,26759,91,936689,106,5892,36
02/18/2023,2271106,79,822505,65,91478,98,93213,71,15612,96,860646,103,1266,30
02/19/2023,1824136,83,639980,66,75448,97,75064,82,16165,96,784650,104,959,34
02/20/2023,2238557,102,929439,95,90371,116,79984,88,14818,88,809578,107,1547,55
02/21/2023,3325542,61,1273578,59,194967,64,174283,65,27224,93,864047,98,6525,40
02/22/2023,3454362,64,1305744,61,193753,64,171187,64,27895,95,869960,98,6538,40
02/23/2023,3498367,64,1328927,62,188438,62,167193,62,27336,93,906322,103,6695,41
02/24/2023,3246699,60,1246797,58,179793,59,153058,57,26077,89,928057,105,5551,34
02/25/2023,2043635,71,800947,63,86403,92,81742,62,15461,95,831613,100,1396,33
02/26/2023,1625191,74,676041,69,74226,95,67702,74,15891,94,807475,107,1095,39
02/27/2023,3337916,62,1423292,66,180277,60,160346,60,26730,91,854625,97,6752,42
02/28/2023,3412079,63,1349173,63,177532,59,139326,52,26116,89,751643,85,6690,41
03/01/2023,3780713,68,1511792,67,192142,61,176661,64,29449,99,901530,98,7403,46
03/02/2023,3765925,68,1493623,67,195243,62,176678,64,28978,97,934427,101,7434,47
03/03/2023,3481830,63,1417670,63,172623,55,150603,55,27298,92,933992,101,6167,39
03/04/2023,2173217,71,870341,65,96720,90,84352,62,16263,96,844751,97,1449,29
03/05/2023,1772121,77,712408,72,81079,93,72918,77,16956,96,831376,103,1215,39
03/06/2023,3427019,62,1460599,65,185896,59,163314,59,27550,93,875696,95,6849,43
03/07/2023,3773780,68,1490272,66,205559,66,186615,68,28417,96,887227,96,7607,48
03/08/2023,3842861,69,1514182,68,203258,65,186940,68,30476,102,918426,100,7452,47
03/09/2023,3827656,69,1515155,68,201711,64,186197,68,29847,100,944406,102,7211,45
03/10/2023,3502339,63,1408909,63,182873,58,160550,58,28209,95,964271,105,6135,38
03/11/2023,2230530,73,821990,62,78979,73,88667,65,15493,91,842108,97,1796,35
03/12/2023,1773585,77,686039,69,75970,88,70403,75,16644,94,832873,103,1547,49
03/13/2023,3352388,60,1377045,61,179787,57,157310,57,26027,88,852961,93,6358,40
03/14/2023,3577250,64,1360497,61,189402,60,159031,58,26262,88,775384,84,6866,43
03/15/2023,3912366,70,1493605,67,205092,65,187128,68,29687,100,916918,100,7473,47
03/16/2023,3949788,71,1522248,68,209838,67,187573,68,30151,101,976134,106,7562,47
03/17/2023,3661519,66,1408472,63,199191,64,171443,62,28094,94,965113,105,6790,43
03/18/2023,2417873,79,921569,69,102021,95,101788,75,16828,99,924274,106,1839,36
03/19/2023,1894476,83,661736,67,82032,95,72936,77,16471,93,880371,109,1247,40
03/20/2023,3442589,62,1444823,64,191367,61,167256,61,26951,91,896248,97,6895,43
03/21/2023,3801084,68,1511670,67,213026,68,189925,69,29466,99,918684,100,7850,49
03/22/2023,3797399,68,1509096,67,202826,65,184321,67,29999,101,920292,100,7589,48
03/23/2023,3774396,68,1466839,65,200870,64,177877,65,29189,98,934634,101,7208,45
03/24/2023,3534300,63,1420346,63,188352,60,159574,58,27883,94,959147,104,6133,38
03/25/2023,2153554,70,784068,59,89101,83,82702,61,15556,92,830547,95,1765,35
03/26/2023,1939984,85,724870,73,83054,96,81819,87,16878,96,871824,108,1648,52
03/27/2023,3397258,61,1426226,64,192461,61,166543,60,26394,89,885237,96,6675,42
03/28/2023,3765920,68,1490842,67,207837,66,189294,69,28923,97,894984,97,7541,47
03/29/2023,3872948,70,1521968,68,208736,67,187520,68,29771,100,922903,100,7825,49
03/30/2023,3860289,69,1486845,66,200601,64,187344,68,29363,99,957635,104,7512,47
03/31/2023,3573735,64,1423686,64,184342,59,158879,58,28599,96,977962,106,6426,40
04/01/2023,2283533,72,842213,63,82140,72,88096,59,16428,98,856286,94,1520,30
04/02/2023,1949665,80,716880,72,76059,83,79027,77,17660,95,855422,99,1319,40
04/03/2023,3597785,65,1475017,67,182947,59,162370,57,27387,95,899177,96,7076,44
04/04/2023,3906882,70,1519740,70,200063,64,188769,66,29698,103,913561,97,7633,47
04/05/2023,3799965,68,1432322,66,205060,66,185283,65,29462,102,938533,100,7163,44
04/06/2023,3421271,61,1264311,58,193340,62,169192,59,27061,94,914933,97,6122,38
04/07/2023,3130675,56,1150222,53,187800,60,159262,56,23831,82,900772,96,4925,30
04/08/2023,2393347,76,882727,66,108740,95,99273,67,16256,97,872566,96,2393,47
04/09/2023,1855826,76,654259,66,98030,107,85620,83,19026,102,904505,104,1916,59
04/10/2023,3142740,56,1236634,57,191412,62,170713,60,24135,83,922582,98,6121,38
04/11/2023,3537843,63,1316710,60,210828,68,193831,68,27777,96,895251,95,7081,44
04/12/2023,3576687,64,1311418,60,207802,67,191574,67,28326,98,890891,95,6863,42
04/13/2023,3628304,65,1311906,60,200072,64,183658,64,28451,98,939226,100,6668,41
04/14/2023,3471420,62,1294357,59,190858,61,173790,61,27514,95,989052,105,5869,36
04/15/2023,2365464,75,890050,67,99793,87,103902,70,16804,101,916008,100,1743,34
04/16/2023,1864753,77,728462,73,80318,88,85026,83,16835,90,881923,102,1309,40
04/17/2023,3418834,61,1438043,66,188445,61,167759,58,27611,95,897271,95,6926,43
04/18/2023,3862133,69,1526133,70,207882,67,194548,68,29658,103,929653,99,7879,49
04/19/2023,3927706,70,1530452,70,206116,66,195085,68,30829,107,952981,101,7889,49
04/20/2023,4002433,72,1520258,70,208664,67,189699,66,30106,104,1014633,108,7577,47
04/21/2023,3492257,63,1310737,60,195442,63,174727,61,27777,96,994549,106,6005,37
04/22/2023,2506140,79,893014,67,106134,93,106032,71,16865,101,931077,102,1715,34
04/23/2023,1923243,79,673668,68,87793,96,79003,77,15947,85,880726,102,1326,41
04/24/2023,3561262,64,1466762,67,196593,63,173997,61,27254,94,911973,97,7020,43
04/25/2023,3956922,71,1529162,70,216767,70,192115,67,29504,102,927611,99,7806,48
04/26/2023,3994837,72,1531476,70,216097,70,191885,67,30191,104,947254,101,7758,48
04/27/2023,3999831,72,1506783,69,216674,70,184365,64,29969,104,981809,104,7564,47
04/28/2023,3703088,66,1424078,65,195436,63,160861,56,28306,98,996548,106,6441,40
04/29/2023,2179978,69,715608,54,85167,75,77009,52,15688,94,832504,91,1871,37
04/30/2023,1744098,72,578075,58,75065,82,65334,63,15451,83,786171,91,1355,42
05/01/2023,3664755,64,1465598,64,188566,59,167178,58,27445,93,922971,96,6960,40
05/02/2023,3961858,69,1498566,66,211550,66,197217,69,29472,100,916459,95,7749,45
05/03/2023,4030601,70,1533714,67,209450,66,195363,68,30850,105,940822,98,7862,45
05/04/2023,3985001,70,1497427,66,206323,65,189538,66,30449,104,966836,100,7417,43
05/05/2023,3759375,66,1450598,64,200675,63,170610,60,28952,98,1011491,105,6514,37
05/06/2023,2563102,80,934630,67,111525,94,103318,69,18349,106,976630,102,2584,53
05/07/2023,2033790,85,705419,73,92076,94,83007,80,17822,105,902067,106,2705,77
05/08/2023,3563340,62,1460932,64,198056,62,180789,63,27771,94,935045,97,7196,41
05/09/2023,3925555,69,1524892,67,221290,69,205069,72,29923,102,955033,99,7827,45
05/10/2023,4014009,70,1528140,67,221747,69,203414,71,31360,107,981586,102,7998,46
05/11/2023,4015942,70,1535264,67,210683,66,201006,70,30899,105,1016578,106,7619,44
05/12/2023,3723192,65,1436385,63,201367,63,185027,65,29397,100,1043802,108,6629,38
05/13/2023,2487178,77,918257,66,113810,96,109940,73,18340,106,1008311,105,1973,41
05/14/2023,1926966,81,690606,72,102178,105,101088,97,20222,119,981015,115,1654,47
05/15/2023,3553443,62,1440741,63,201209,63,184909,65,25892,88,947897,98,6956,40
05/16/2023,4002015,70,1519397,67,227489,71,207484,72,29747,101,965091,100,7930,46
05/17/2023,4104786,72,1518546,67,223059,70,206630,72,30423,103,985531,102,7118,41
05/18/2023,4082154,71,1492657,66,218955,69,198433,69,29842,101,1008886,105,7530,43
05/19/2023,3789929,66,1431269,63,208310,65,181114,63,28381,97,1024064,106,6362,37
05/20/2023,2314672,72,760830,55,102957,87,95625,63,16570,96,888784,93,1970,41
05/21/2023,2132724,89,727850,76,103484,106,91335,88,17545,103,959948,113,1919,55
05/22/2023,3571748,62,1446015,64,203122,64,186008,65,27038,92,942741,98,6935,40
05/23/2023,3929003,69,1500973,66,219619,69,214621,75,29538,100,953703,99,7928,46
05/24/2023,3960264,69,1499943,66,219886,69,208487,73,30495,104,983724,102,7667,44
05/25/2023,3859385,67,1459601,64,215946,68,201855,71,29311,100,1007341,105,7183,41
05/26/2023,3496511,61,1370252,60,207347,65,187188,65,27037,92,994185,103,5747,33
05/27/2023,2375741,74,848442,61,116439,98,120011,80,16731,97,925766,97,2913,60
05/28/2023,2029088,85,707787,73,102985,106,102009,98,17527,103,906089,106,2426,69
05/29/2023,1952779,82,758893,79,99456,102,86149,83,12121,71,836613,98,2520,72
05/30/2023,3714864,65,1438285,63,227623,71,205661,72,27645,94,959824,100,7398,43
05/31/2023,3911382,68,1480801,65,229227,72,211998,74,30078,102,971602,101,7691,44
06/01/2023,3894167,69,1457503,68,210483,63,191410,65,30088,103,1006107,102,7152,44
06/02/2023,3626490,65,1399462,65,202543,61,170399,58,29570,101,1011244,103,6470,40
06/03/2023,2411704,75,899212,64,115723,94,102668,65,18118,105,958346,97,1837,36
06/04/2023,1988330,76,714218,66,103120,105,88859,81,18429,102,931347,101,1573,40
06/05/2023,3544106,63,1432156,67,200806,60,183510,62,27920,95,938818,95,6892,43
06/06/2023,3929131,70,1474317,69,218376,66,213292,72,29999,102,945555,96,7795,48
06/07/2023,3743889,67,1390834,65,212982,64,202951,69,31147,106,941798,96,7334,45
06/08/2023,3268529,58,1216291,57,189487,57,176985,60,27689,95,932162,95,5503,34
06/09/2023,3425232,61,1256670,58,214001,64,185677,63,25845,88,1005974,102,5482,34
06/10/2023,2608756,81,892936,64,139304,113,117616,74,17996,104,991238,101,1978,39
06/11/2023,2075651,79,695200,64,106971,109,98115,90,17958,99,976811,106,1582,41
06/12/2023,3479404,62,1394575,65,202015,61,185343,63,27520,94,939370,96,6744,42
06/13/2023,3968160,71,1500122,70,233588,70,212364,72,30441,104,971010,99,7850,48
06/14/2023,3893073,69,1434687,67,235667,71,207746,70,30661,105,971437,99,7234,45
06/15/2023,3928393,70,1475300,69,228608,69,206188,70,31298,107,1028832,105,7390,46
06/16/2023,3395938,61,1300751,61,214883,65,177916,60,28693,98,1025514,104,5960,37
06/17/2023,2399521,74,872453,62,138654,113,111460,70,17967,104,1000053,102,2632,52
06/18/2023,1977582,76,707615,65,119996,122,95597,88,19384,107,971860,105,2029,52
06/19/2023,2636887,101,1075747,99,196645,200,168591,154,17494,97,964071,104,4094,105
06/20/2023,3782810,67,1434258,67,235806,71,224371,76,29482,101,979074,100,7540,47
06/21/2023,3902298,70,1430476,67,242162,73,221141,75,31019,106,999201,102,7551,47
06/22/2023,3782472,67,1367709,64,233588,70,208969,71,29220,100,1013372,103,6956,43
06/23/2023,3470575,62,1282954,60,222283,67,188373,64,28619,98,1022942,104,6167,38
06/24/2023,2467994,77,844674,60,128075,104,109217,69,16937,98,951605,97,2551,50
06/25/2023,2222704,85,689020,63,123527,125,113238,104,17103,95,948428,103,2248,58
06/26/2023,3341322,60,1314743,61,218393,66,185070,63,26823,92,962862,98,6516,40
06/27/2023,3744227,67,1391914,65,231738,70,209234,71,29246,100,969784,99,7633,47
06/28/2023,3634270,65,1305832,61,233457,70,207293,70,29092,99,988315,101,6762,42
06/29/2023,3653631,65,1307649,61,233625,70,200724,68,28876,99,1036568,105,6946,43
06/30/2023,3259767,58,1248822,58,219673,66,178064,60,28028,96,1043286,106,5817,36
07/01/2023,2239529,79,859295,64,120270,94,99597,64,17093,108,956890,103,2745,54
07/02/2023,1783757,76,668297,61,92780,89,74415,70,16717,101,832828,94,1988,56
07/03/2023,2662052,50,1117930,54,149641,47,128417,45,23795,84,860662,90,4718,34
07/04/2023,1791179,77,631937,58,96458,92,84010,79,13059,79,715453,81,2305,65
07/05/2023,3318379,63,1296583,63,211448,67,189434,67,28774,101,963342,100,6472,47
07/06/2023,3494806,66,1333630,64,209335,66,186822,66,29894,105,959636,100,6608,48
07/07/2023,3292266,62,1273900,61,197892,62,171597,61,28609,101,977009,102,5868,43
07/08/2023,2308794,82,867047,64,120931,95,107854,70,17879,113,949008,103,2695,53
07/09/2023,1776607,76,651953,59,95243,91,83783,79,16695,101,869686,98,1914,54
07/10/2023,3208730,61,1307297,63,196506,62,171497,61,27354,96,925569,96,6175,45
07/11/2023,3613670,68,1381701,67,221923,70,200151,71,30085,106,952112,99,7149,52
07/12/2023,3696737,70,1383484,67,218097,69,199169,70,31015,109,977898,102,6901,50
07/13/2023,3648007,69,1359302,66,218715,69,190952,67,29980,106,990761,103,6888,50
07/14/2023,3209393,61,1231624,59,198119,63,163840,58,28489,100,986748,103,5588,41
07/15/2023,2326054,82,889709,66,124007,97,107124,69,18043,114,983132,106,2409,47
07/16/2023,1599858,68,583645,53,89763,86,72406,68,16496,100,817659,92,1559,44
07/17/2023,3282092,62,1310810,63,205378,65,182216,64,27637,97,964710,100,6345,46
07/18/2023,3584819,68,1313665,63,225299,71,204203,72,29105,103,944208,98,6766,49
07/19/2023,3679343,70,1342781,65,224202,71,203857,72,30527,108,969944,101,6938,50
07/20/2023,3711017,70,1333607,64,224327,71,197400,70,29745,105,1004167,104,6858,50
07/21/2023,3227154,61,1211839,58,201177,64,176892,62,27485,97,1000836,104,5389,39
07/22/2023,2459990,87,894490,66,133328,104,93215,60,18283,115,1005606,109,2117,42
07/23/2023,1984503,85,723774,66,116485,111,94729,89,18021,109,988636,112,1511,42
07/24/2023,3255379,62,1302964,63,206025,65,180716,64,27222,96,948855,99,6175,45
07/25/2023,3630414,69,1307716,63,226651,72,211053,75,29285,103,939926,98,7050,51
07/26/2023,3758378,71,1382345,67,226363,71,210315,74,30501,108,977673,102,7298,53
07/27/2023,3580012,68,1313385,63,219460,69,187729,66,28692,101,973315,101,6788,49
07/28/2023,3266199,62,1246295,60,205845,65,170128,60,27522,97,1023958,107,5631,41
07/29/2023,2251524,80,856921,63,120457,94,100508,65,16747,105,957063,104,2314,45
07/30/2023,1952433,83,705279,64,116784,111,91861,87,17450,106,989071,112,2077,58
07/31/2023,3204920,61,1283835,62,205976,65,185348,65,26682,94,969712,101,6161,45
08/01/2023,3598379,70,1357252,67,221518,71,199547,73,29354,105,954649,98,7060,53
08/02/2023,3640307,71,1359233,67,219641,70,201003,74,30380,109,964978,99,6913,52
08/03/2023,3609076,70,1350472,67,220565,71,197044,72,30483,109,994978,102,6753,50
08/04/2023,3228510,63,1241122,61,193528,62,171533,63,28128,101,987994,102,5593,42
08/05/2023,2364364,80,879423,64,122596,92,114660,76,18835,113,969702,101,2838,60
08/06/2023,1910841,80,715130,65,107399,103,96010,92,18805,105,956499,104,2171,60
08/07/2023,3041001,59,1208443,60,191530,61,163799,60,27174,97,901342,93,5884,44
08/08/2023,3510047,68,1339073,66,218555,70,193867,71,29435,105,933802,96,7035,53
08/09/2023,3613062,70,1369095,68,224241,72,192028,70,30849,110,960119,99,6858,51
08/10/2023,3429304,67,1262073,63,208782,67,178768,66,29758,107,956875,98,6333,47
08/11/2023,3311714,64,1275618,63,206947,66,171116,63,29109,104,1018825,105,6119,46
08/12/2023,2366787,81,844749,61,131586,99,109269,72,18390,111,970527,101,2835,60
08/13/2023,1953558,82,690541,62,112932,109,93730,90,18071,101,965362,105,2196,61
08/14/2023,3092801,60,1246445,62,201352,64,168873,62,27185,97,939920,97,6051,45
08/15/2023,3385996,66,1273782,63,212116,68,187441,69,29122,104,924053,95,6680,50
08/16/2023,3447648,67,1300953,64,217398,70,190267,70,30763,110,956351,98,6652,50
08/17/2023,3385056,66,1275993,63,212321,68,180631,66,30045,108,975018,100,6360,48
08/18/2023,3182516,62,1208502,60,208639,67,174410,64,27468,98,999976,103,5361,40
08/19/2023,2358962,80,856814,62,144076,108,124069,82,19246,116,983353,103,2665,57
08/20/2023,1870625,79,689829,62,101351,97,94332,91,18004,100,958807,104,2065,58
08/21/2023,2971166,58,1199440,59,198534,63,170102,62,26325,94,929844,96,5857,44
08/22/2023,3352769,65,1263459,63,213724,68,194321,71,28913,104,928605,96,6463,48
08/23/2023,3412842,66,1272485,63,215258,69,192053,70,30187,108,954470,98,6566,49
08/24/2023,3297927,64,1201155,60,204439,65,176827,65,28689,103,958830,99,6191,46
08/25/2023,3034255,59,1143010,57,191119,61,153854,56,26511,95,953126,98,4891,37
08/26/2023,2281885,78,844428,61,122930,92,100194,66,18024,108,954892,100,2700,57
08/27/2023,1909806,80,702984,64,106913,103,85878,83,18022,100,943519,103,2088,58
08/28/2023,3121505,61,1240688,61,215843,69,170897,63,26613,95,932328,96,6179,46
08/29/2023,3401088,66,1284953,64,235092,75,189077,69,28250,101,930248,96,6677,50
08/30/2023,3462970,67,1267435,63,230912,74,180304,66,29450,105,959898,99,6639,50
08/31/2023,3450532,67,1315113,65,229477,73,176676,65,29312,105,1017088,105,6537,49
09/01/2023,3196284,55,1225370,53,202450,62,152974,53,28920,97,1025352,108,5372,31
09/02/2023,2307416,72,842591,60,132551,112,107230,70,18536,108,939962,98,2633,64
09/03/2023,2013506,79,692079,63,119566,121,90729,86,19598,114,939811,106,2185,75
09/04/2023,1879819,74,686326,62,114475,115,87538,83,12292,72,856049,97,2188,75
09/05/2023,3483755,60,1349438,58,239334,73,218899,76,29869,101,969997,102,6739,39
09/06/2023,3712071,64,1395521,60,238477,73,211126,73,32290,109,963978,101,6909,40
09/07/2023,3867746,67,1441437,62,226937,69,206910,72,31704,107,981360,103,7044,41
09/08/2023,3609701,63,1365283,59,225125,69,183785,64,30083,101,1015782,107,6257,37
09/09/2023,2425515,75,840378,60,125177,106,102373,67,17897,104,953082,100,2575,62
09/10/2023,1822230,72,626222,57,96835,98,81850,78,17916,104,870988,98,1623,55
09/11/2023,3596538,62,1400268,60,213280,65,191592,66,29057,98,911493,96,7182,42
09/12/2023,4014480,70,1519571,65,241196,74,221092,77,31779,107,955533,100,8031,47
09/13/2023,3938516,68,1482320,64,229765,70,210001,73,31900,107,936338,98,7787,46
09/14/2023,4045169,70,1517040,65,232039,71,206374,72,32717,110,989072,104,7847,46
09/15/2023,3694845,64,1398937,60,225904,69,192398,67,30957,104,1022344,107,6429,38
09/16/2023,2446139,76,881354,63,117997,100,115065,75,18923,110,972924,102,2864,69
09/17/2023,1988003,78,666392,60,107302,108,96229,92,18330,107,902993,102,2197,75
09/18/2023,3539047,61,1294777,56,215151,66,192103,67,28341,95,876621,92,7010,41
09/19/2023,4140301,72,1480863,64,241135,74,224426,78,31109,105,934708,98,8652,51
09/20/2023,4179861,72,1478618,64,242203,74,219540,76,32181,108,958671,101,8671,51
09/21/2023,4139288,72,1478606,64,232409,71,211375,73,31455,106,978561,103,8554,50
09/22/2023,3840412,67,1403811,60,223821,68,194197,67,30086,101,1020253,107,7175,42
09/23/2023,2116140,66,682092,49,96073,81,86985,57,15680,92,803480,84,2012,49
09/24/2023,1701656,67,562224,51,83669,84,75103,71,15255,89,742634,84,1863,64
09/25/2023,2885921,50,1035021,45,194611,59,175651,61,24609,83,812779,85,5320,31
09/26/2023,3946624,68,1393963,60,235620,72,214987,75,30558,103,909652,95,7655,45
09/27/2023,4074930,71,1463309,63,232823,71,212978,74,32758,110,943929,99,7877,46
09/28/2023,4051444,70,1433729,62,227819,70,201304,70,31804,107,965165,101,7587,44
09/29/2023,2467295,43,1053306,45,188008,57,128570,45,29054,98,826445,87,5183,30
09/30/2023,2205573,68,789587,56,104842,89,100703,66,16536,97,864863,91,1936,47
10/01/2023,1995361,81,669243,67,94222,103,92724,88,18586,101,898064,106,1984,53
10/02/2023,3649389,63,1390842,62,208901,66,183892,63,28672,96,931216,100,7289,41
10/03/2023,4008201,70,1471939,65,235305,75,214111,74,32295,108,937269,101,7953,45
10/04/2023,4026878,70,1467384,65,231999,74,209399,72,33186,111,949285,102,7928,44
10/05/2023,4030304,70,1457151,65,233470,74,207356,71,32414,109,973371,105,7814,44
10/06/2023,3639729,63,1325428,59,225040,72,193065,66,30643,103,1000568,108,6284,35
10/07/2023,2199478,66,720734,52,105975,93,95026,62,16919,96,842763,89,2010,44
10/08/2023,2044534,83,654443,65,98315,108,105952,101,18471,101,896319,106,2722,72
10/09/2023,2833654,49,1023375,45,206491,66,189567,65,21655,73,905490,98,4576,26
10/10/2023,3954925,69,1423532,63,239967,76,220445,76,31970,107,935467,101,8356,47
10/11/2023,4056504,71,1451764,64,236033,75,214437,74,33382,112,950384,102,8630,48
10/12/2023,4104598,71,1436967,64,248974,79,215284,74,32865,110,988904,107,8255,46
10/13/2023,3560964,62,1322576,59,226873,72,193658,67,31134,105,1002148,108,6429,36
10/14/2023,2219786,67,717223,52,110177,97,96158,63,17155,97,873287,92,2298,50
10/15/2023,2013096,82,689581,69,102493,113,100633,96,18455,100,911179,108,2148,57
10/16/2023,3661144,64,1381665,61,228147,73,203627,70,29453,99,925864,100,7735,43
10/17/2023,4021342,70,1439468,64,243917,78,222110,76,31921,107,944335,102,8354,47
10/18/2023,4074460,71,1440292,64,236072,75,213952,74,33615,113,948559,102,8356,47
10/19/2023,4121563,72,1440111,64,234999,75,212946,73,32909,111,986310,106,8148,46
10/20/2023,3616336,63,1232782,55,222385,71,192383,66,29766,100,961759,104,6272,35
10/21/2023,2438387,73,793917,57,113139,100,101963,67,17530,99,907106,96,2464,54
10/22/2023,1983271,81,678536,68,98471,108,93659,89,18954,103,928307,110,2021,54
10/23/2023,3667240,64,1375311,61,221569,70,199199,68,29261,98,925334,100,7615,43
10/24/2023,4040571,70,1431006,63,241544,77,218201,75,31757,107,932897,101,8176,46
10/25/2023,4120011,72,1443766,64,237292,75,217420,75,32821,110,947018,102,8368,47
10/26/2023,4142420,72,1431016,63,242021,77,215171,74,32549,109,985290,106,8147,46
10/27/2023,3853546,67,1348576,60,229895,73,203068,70,31164,105,1027312,111,6705,38
10/28/2023,2743759,82,874941,63,124172,109,139276,91,20126,114,1019478,108,2995,66
10/29/2023,1834459,75,589929,59,86843,95,80705,77,18145,99,871500,103,1766,47
10/30/2023,3623778,63,1314380,58,225140,72,197550,68,29075,98,893690,96,7287,41
10/31/2023,4016482,70,1334020,59,224816,72,203951,70,30712,103,873724,94,7789,44
11/01/2023,4043524,72,1369637,63,226067,69,208249,73,32374,104,927384,98,8010,47
11/02/2023,4082807,72,1380510,63,231370,70,206350,72,32242,103,953269,101,7997,47
11/03/2023,3808235,68,1307247,60,218703,67,193580,68,31816,102,980512,104,6755,40
11/04/2023,2588115,82,832986,63,122433,106,123922,82,19920,118,945189,104,2582,74
11/05/2023,2310457,92,614666,62,109258,116,109891,106,16889,90,791269,96,3407,111
11/06/2023,3686141,65,1349481,62,225898,69,198934,70,30167,97,923453,98,7474,44
11/07/2023,3655078,65,1270763,58,238656,73,215344,75,30843,99,891546,94,6785,40
11/08/2023,4066029,72,1401268,64,238727,73,213738,75,33515,107,937630,99,8306,49
11/09/2023,4020939,71,1376822,63,235844,72,210130,73,32982,106,980310,104,7929,47
11/10/2023,3611367,143,1250528,126,224512,237,200669,193,25506,135,974996,118,5596,182
11/11/2023,2588540,82,817146,62,122170,106,118398,78,18654,110,939492,103,2712,78
11/12/2023,1947270,77,642431,64,99171,105,91623,88,19187,102,891716,108,1958,64
11/13/2023,3597029,64,1320693,60,225204,69,194691,68,30479,98,907109,96,7353,43
11/14/2023,3991767,71,1382768,63,235487,72,214218,75,33027,106,921728,98,8271,49
11/15/2023,4036442,72,1389217,63,235718,72,214486,75,34166,109,941983,100,8322,49
11/16/2023,4048862,72,1391273,64,235070,72,207671,73,34102,109,978274,104,8010,47
11/17/2023,3741391,66,1303240,60,227909,69,201231,70,31496,101,999520,106,6792,40
11/18/2023,2477547,78,831053,63,124053,108,120273,80,19452,115,946515,104,2630,76
11/19/2023,1943926,77,657965,66,100792,107,100924,97,19835,105,867625,105,2058,67
11/20/2023,3647283,65,1300978,59,228502,70,203599,71,30889,99,925548,98,7426,44
11/21/2023,3774952,67,1254277,57,236079,72,213162,74,32139,103,977248,104,7467,44
11/22/2023,3378351,60,1160847,53,254968,78,220030,77,28409,91,985528,104,6524,38
11/23/2023,1628385,65,471662,47,116969,124,107690,103,21741,115,898291,109,2257,74
11/24/2023,2457591,97,807221,81,215833,228,197178,189,15381,82,818916,99,3718,121
11/25/2023,2123590,67,696466,53,124716,108,117682,78,14245,84,866561,95,2454,71
11/26/2023,1686490,67,566395,57,101486,107,95729,92,16900,90,864505,105,1834,60
11/27/2023,3523494,63,1253990,57,228127,69,200017,70,29418,94,921303,98,7294,43
11/28/2023,3916476,69,1279327,58,234794,72,216450,76,31716,102,914381,97,7835,46
11/29/2023,4032882,72,1268990,58,234738,71,212929,74,32809,105,915384,97,7851,46
11/30/2023,4072271,72,1340370,61,236142,72,210592,74,32650,105,945909,100,7737,45
12/01/2023,3723171,70,1226677,61,185151,59,164628,59,31284,107,947287,107,6432,41
12/02/2023,2748170,83,826725,65,126374,99,125483,80,19675,114,903346,102,2618,53
12/03/2023,1827959,72,553618,57,87340,82,76999,72,18450,103,778118,98,1633,48
12/04/2023,3709458,69,1312507,66,223257,71,201080,72,30841,106,900224,102,7559,48
12/05/2023,3991835,75,1346216,67,243329,77,224065,80,33235,114,914419,103,7964,51
12/06/2023,4116059,77,1350594,67,230920,73,211076,76,33502,115,936802,106,7951,51
12/07/2023,4088438,77,1314833,66,231114,73,204586,73,32511,112,960536,108,7424,48
12/08/2023,3863961,72,1261796,63,225208,71,198539,71,31875,109,972091,110,6435,41
12/09/2023,2922085,88,828894,65,156237,122,147745,94,20580,119,944411,107,3181,64
12/10/2023,1838048,72,539117,55,90884,85,82225,77,17542,98,779314,98,1648,49
12/11/2023,3642743,68,1213923,61,219022,69,191110,69,29271,100,894318,101,6949,45
12/12/2023,4051574,76,1309303,65,236348,75,219393,79,33458,115,935591,106,7655,49
12/13/2023,4067457,76,1314167,66,238451,75,215546,77,34323,118,959767,108,7859,50
12/14/2023,4122091,77,1296909,65,236516,75,213415,77,33406,115,988876,112,7414,48
12/15/2023,3845234,72,1246465,62,235800,75,208572,75,32517,112,1011336,114,6540,42
12/16/2023,2866544,86,814457,64,149340,117,149013,95,20483,119,972314,110,3085,62
12/17/2023,1954707,77,569005,58,96415,90,88502,82,18445,103,809015,102,1787,53
12/18/2023,3314782,62,1082334,54,201289,64,174850,63,28309,97,809201,91,5381,34
12/19/2023,3912934,73,1275002,64,244031,77,213625,77,32542,112,946648,107,7555,48
12/20/2023,3838407,72,1245547,62,236060,75,206420,74,33205,114,964384,109,7363,47
12/21/2023,3675448,69,1200899,60,229252,73,199411,71,31713,109,976632,110,6860,44
12/22/2023,3372318,63,1110555,55,231036,73,206169,74,29324,101,979372,111,5878,38
12/23/2023,2244175,68,708808,56,139904,109,130053,83,17627,102,876791,99,2700,54
12/24/2023,1657096,65,549448,56,92540,87,77874,72,20241,114,793031,100,1912,56
12/25/2023,1273729,50,381879,39,80587,76,65350,61,14750,83,748318,94,1668,49
12/26/2023,2668642,50,906670,45,219149,69,192910,69,20706,71,867072,98,5158,33
12/27/2023,2912007,55,955890,48,220010,70,186541,67,25945,89,881140,99,5373,34
12/28/2023,3064841,57,969231,48,218546,69,193235,69,26462,91,887521,100,5395,35
12/29/2023,3198885,60,1007697,50,237781,75,210361,75,26892,92,909062,103,5784,37
12/30/2023,2440211,74,720564,57,121688,95,121647,77,16983,99,833538,94,2780,56
12/31/2023,1934651,76,548344,56,99817,94,89554,83,20005,112,671873,84,2029,60
01/01/2024,1648734,79,455965,50,82811,100,73957,82,9165,68,730489,107,2018,74
